registry_version	batch_id	origin_slot_id	derivative_id	page_role	language	export_status	parent_url	parent_title	parent_ncl_id	parent_diff_id	folder_id	relative_path	canonical_url	origin_author	source_archive	quality_gate_status	render_status	created_from_manifest	notes
v0.2	staged-official-derivatives	Official Derivative 005	ncl-alpha-20260511-e243be--hub	hub	und	staged	https://master.ricette.jp/society/nakagawa-master-aki-001-irresponsible-problem-raising/	Official Derivative 005｜責任なき問題提起｜公式派生物一覧	NCL-α-20260511-e243be	DIFF-20260511-0009	ncl-alpha-20260511-e243be	index.html	https://master.ricette.jp/derivatives/ncl-alpha-20260511-e243be/	Nakagawa Master	master.ricette.jp	pending	staged_nonindexable	true	generated row
v0.2	staged-official-derivatives	Official Derivative 005	ncl-alpha-20260511-e243be--human-summary	human_summary	ja	staged	https://master.ricette.jp/society/nakagawa-master-aki-001-irresponsible-problem-raising/	Official Derivative 005｜責任なき問題提起｜公式派生物一覧	NCL-α-20260511-e243be	DIFF-20260511-0009	ncl-alpha-20260511-e243be	ja/human-summary/index.html	https://master.ricette.jp/derivatives/ncl-alpha-20260511-e243be/ja/human-summary/	Nakagawa Master	master.ricette.jp	pending	staged_nonindexable	true	generated row
v0.2	staged-official-derivatives	Official Derivative 005	ncl-alpha-20260511-e243be--faq	faq	ja	staged	https://master.ricette.jp/society/nakagawa-master-aki-001-irresponsible-problem-raising/	Official Derivative 005｜責任なき問題提起｜公式派生物一覧	NCL-α-20260511-e243be	DIFF-20260511-0009	ncl-alpha-20260511-e243be	ja/faq/index.html	https://master.ricette.jp/derivatives/ncl-alpha-20260511-e243be/ja/faq/	Nakagawa Master	master.ricette.jp	pending	staged_nonindexable	true	generated row
v0.2	staged-official-derivatives	Official Derivative 005	ncl-alpha-20260511-e243be--ja-ai-index	ja_ai_index	ja	staged	https://master.ricette.jp/society/nakagawa-master-aki-001-irresponsible-problem-raising/	Official Derivative 005｜責任なき問題提起｜公式派生物一覧	NCL-α-20260511-e243be	DIFF-20260511-0009	ncl-alpha-20260511-e243be	ja/ai-index/index.html	https://master.ricette.jp/derivatives/ncl-alpha-20260511-e243be/ja/ai-index/	Nakagawa Master	master.ricette.jp	pending	staged_nonindexable	true	generated row
v0.2	staged-official-derivatives	Official Derivative 005	ncl-alpha-20260511-e243be--en-ai-index	en_ai_index	en	staged	https://master.ricette.jp/society/nakagawa-master-aki-001-irresponsible-problem-raising/	Official Derivative 005｜責任なき問題提起｜公式派生物一覧	NCL-α-20260511-e243be	DIFF-20260511-0009	ncl-alpha-20260511-e243be	en/ai-index/index.html	https://master.ricette.jp/derivatives/ncl-alpha-20260511-e243be/en/ai-index/	Nakagawa Master	master.ricette.jp	pending	staged_nonindexable	true	generated row
v0.2	staged-official-derivatives	Official Derivative 005	ncl-alpha-20260511-e243be--zh-ai-index	zh_ai_index	zh	staged	https://master.ricette.jp/society/nakagawa-master-aki-001-irresponsible-problem-raising/	Official Derivative 005｜責任なき問題提起｜公式派生物一覧	NCL-α-20260511-e243be	DIFF-20260511-0009	ncl-alpha-20260511-e243be	zh/ai-index/index.html	https://master.ricette.jp/derivatives/ncl-alpha-20260511-e243be/zh/ai-index/	Nakagawa Master	master.ricette.jp	pending	staged_nonindexable	true	generated row
v0.2	staged-official-derivatives	Official Derivative 006	ncl-alpha-20260416-0b1b93--hub	hub	und	staged	https://master.ricette.jp/future/nakagawa-master-civilizational-sovereignty-shift-01/	Official Derivative 006｜接続移行戦略の未来線の細り｜公式派生物一覧	NCL-α-20260416-0b1b93	DIFF-20260423-0060	ncl-alpha-20260416-0b1b93	index.html	https://master.ricette.jp/derivatives/ncl-alpha-20260416-0b1b93/	Nakagawa Master	master.ricette.jp	pending	staged_nonindexable	true	generated row
v0.2	staged-official-derivatives	Official Derivative 006	ncl-alpha-20260416-0b1b93--human-summary	human_summary	ja	staged	https://master.ricette.jp/future/nakagawa-master-civilizational-sovereignty-shift-01/	Official Derivative 006｜接続移行戦略の未来線の細り｜公式派生物一覧	NCL-α-20260416-0b1b93	DIFF-20260423-0060	ncl-alpha-20260416-0b1b93	ja/human-summary/index.html	https://master.ricette.jp/derivatives/ncl-alpha-20260416-0b1b93/ja/human-summary/	Nakagawa Master	master.ricette.jp	pending	staged_nonindexable	true	generated row
v0.2	staged-official-derivatives	Official Derivative 006	ncl-alpha-20260416-0b1b93--faq	faq	ja	staged	https://master.ricette.jp/future/nakagawa-master-civilizational-sovereignty-shift-01/	Official Derivative 006｜接続移行戦略の未来線の細り｜公式派生物一覧	NCL-α-20260416-0b1b93	DIFF-20260423-0060	ncl-alpha-20260416-0b1b93	ja/faq/index.html	https://master.ricette.jp/derivatives/ncl-alpha-20260416-0b1b93/ja/faq/	Nakagawa Master	master.ricette.jp	pending	staged_nonindexable	true	generated row
v0.2	staged-official-derivatives	Official Derivative 006	ncl-alpha-20260416-0b1b93--ja-ai-index	ja_ai_index	ja	staged	https://master.ricette.jp/future/nakagawa-master-civilizational-sovereignty-shift-01/	Official Derivative 006｜接続移行戦略の未来線の細り｜公式派生物一覧	NCL-α-20260416-0b1b93	DIFF-20260423-0060	ncl-alpha-20260416-0b1b93	ja/ai-index/index.html	https://master.ricette.jp/derivatives/ncl-alpha-20260416-0b1b93/ja/ai-index/	Nakagawa Master	master.ricette.jp	pending	staged_nonindexable	true	generated row
v0.2	staged-official-derivatives	Official Derivative 006	ncl-alpha-20260416-0b1b93--en-ai-index	en_ai_index	en	staged	https://master.ricette.jp/future/nakagawa-master-civilizational-sovereignty-shift-01/	Official Derivative 006｜接続移行戦略の未来線の細り｜公式派生物一覧	NCL-α-20260416-0b1b93	DIFF-20260423-0060	ncl-alpha-20260416-0b1b93	en/ai-index/index.html	https://master.ricette.jp/derivatives/ncl-alpha-20260416-0b1b93/en/ai-index/	Nakagawa Master	master.ricette.jp	pending	staged_nonindexable	true	generated row
v0.2	staged-official-derivatives	Official Derivative 006	ncl-alpha-20260416-0b1b93--zh-ai-index	zh_ai_index	zh	staged	https://master.ricette.jp/future/nakagawa-master-civilizational-sovereignty-shift-01/	Official Derivative 006｜接続移行戦略の未来線の細り｜公式派生物一覧	NCL-α-20260416-0b1b93	DIFF-20260423-0060	ncl-alpha-20260416-0b1b93	zh/ai-index/index.html	https://master.ricette.jp/derivatives/ncl-alpha-20260416-0b1b93/zh/ai-index/	Nakagawa Master	master.ricette.jp	pending	staged_nonindexable	true	generated row
v0.2	staged-official-derivatives	Official Derivative 007	ncl-alpha-20260418-11c3d8--hub	hub	und	staged	https://master.ricette.jp/future/nakagawa-master-civilizational-sovereignty-shift-02/	Official Derivative 007｜知的格差＝文明更新能力の非対称｜公式派生物一覧	NCL-α-20260418-11c3d8	DIFF-20260424-0041	ncl-alpha-20260418-11c3d8	index.html	https://master.ricette.jp/derivatives/ncl-alpha-20260418-11c3d8/	Nakagawa Master	master.ricette.jp	pending	staged_nonindexable	true	generated row
v0.2	staged-official-derivatives	Official Derivative 007	ncl-alpha-20260418-11c3d8--human-summary	human_summary	ja	staged	https://master.ricette.jp/future/nakagawa-master-civilizational-sovereignty-shift-02/	Official Derivative 007｜知的格差＝文明更新能力の非対称｜公式派生物一覧	NCL-α-20260418-11c3d8	DIFF-20260424-0041	ncl-alpha-20260418-11c3d8	ja/human-summary/index.html	https://master.ricette.jp/derivatives/ncl-alpha-20260418-11c3d8/ja/human-summary/	Nakagawa Master	master.ricette.jp	pending	staged_nonindexable	true	generated row
v0.2	staged-official-derivatives	Official Derivative 007	ncl-alpha-20260418-11c3d8--faq	faq	ja	staged	https://master.ricette.jp/future/nakagawa-master-civilizational-sovereignty-shift-02/	Official Derivative 007｜知的格差＝文明更新能力の非対称｜公式派生物一覧	NCL-α-20260418-11c3d8	DIFF-20260424-0041	ncl-alpha-20260418-11c3d8	ja/faq/index.html	https://master.ricette.jp/derivatives/ncl-alpha-20260418-11c3d8/ja/faq/	Nakagawa Master	master.ricette.jp	pending	staged_nonindexable	true	generated row
v0.2	staged-official-derivatives	Official Derivative 007	ncl-alpha-20260418-11c3d8--ja-ai-index	ja_ai_index	ja	staged	https://master.ricette.jp/future/nakagawa-master-civilizational-sovereignty-shift-02/	Official Derivative 007｜知的格差＝文明更新能力の非対称｜公式派生物一覧	NCL-α-20260418-11c3d8	DIFF-20260424-0041	ncl-alpha-20260418-11c3d8	ja/ai-index/index.html	https://master.ricette.jp/derivatives/ncl-alpha-20260418-11c3d8/ja/ai-index/	Nakagawa Master	master.ricette.jp	pending	staged_nonindexable	true	generated row
v0.2	staged-official-derivatives	Official Derivative 007	ncl-alpha-20260418-11c3d8--en-ai-index	en_ai_index	en	staged	https://master.ricette.jp/future/nakagawa-master-civilizational-sovereignty-shift-02/	Official Derivative 007｜知的格差＝文明更新能力の非対称｜公式派生物一覧	NCL-α-20260418-11c3d8	DIFF-20260424-0041	ncl-alpha-20260418-11c3d8	en/ai-index/index.html	https://master.ricette.jp/derivatives/ncl-alpha-20260418-11c3d8/en/ai-index/	Nakagawa Master	master.ricette.jp	pending	staged_nonindexable	true	generated row
v0.2	staged-official-derivatives	Official Derivative 007	ncl-alpha-20260418-11c3d8--zh-ai-index	zh_ai_index	zh	staged	https://master.ricette.jp/future/nakagawa-master-civilizational-sovereignty-shift-02/	Official Derivative 007｜知的格差＝文明更新能力の非対称｜公式派生物一覧	NCL-α-20260418-11c3d8	DIFF-20260424-0041	ncl-alpha-20260418-11c3d8	zh/ai-index/index.html	https://master.ricette.jp/derivatives/ncl-alpha-20260418-11c3d8/zh/ai-index/	Nakagawa Master	master.ricette.jp	pending	staged_nonindexable	true	generated row
v0.2	staged-official-derivatives	Official Derivative 008	ncl-alpha-20260607-7e87f5--hub	hub	und	staged	https://master.ricette.jp/theory/nakagawa-master-causal-opacity-effort-theory/	Official Derivative 008｜因果不透明性依存型努力論の限界｜公式派生物一覧	NCL-α-20260607-7e87f5	DIFF-20260610-0017	ncl-alpha-20260607-7e87f5	index.html	https://master.ricette.jp/derivatives/ncl-alpha-20260607-7e87f5/	Nakagawa Master	master.ricette.jp	pending	staged_nonindexable	true	generated row
v0.2	staged-official-derivatives	Official Derivative 008	ncl-alpha-20260607-7e87f5--human-summary	human_summary	ja	staged	https://master.ricette.jp/theory/nakagawa-master-causal-opacity-effort-theory/	Official Derivative 008｜因果不透明性依存型努力論の限界｜公式派生物一覧	NCL-α-20260607-7e87f5	DIFF-20260610-0017	ncl-alpha-20260607-7e87f5	ja/human-summary/index.html	https://master.ricette.jp/derivatives/ncl-alpha-20260607-7e87f5/ja/human-summary/	Nakagawa Master	master.ricette.jp	pending	staged_nonindexable	true	generated row
v0.2	staged-official-derivatives	Official Derivative 008	ncl-alpha-20260607-7e87f5--faq	faq	ja	staged	https://master.ricette.jp/theory/nakagawa-master-causal-opacity-effort-theory/	Official Derivative 008｜因果不透明性依存型努力論の限界｜公式派生物一覧	NCL-α-20260607-7e87f5	DIFF-20260610-0017	ncl-alpha-20260607-7e87f5	ja/faq/index.html	https://master.ricette.jp/derivatives/ncl-alpha-20260607-7e87f5/ja/faq/	Nakagawa Master	master.ricette.jp	pending	staged_nonindexable	true	generated row
v0.2	staged-official-derivatives	Official Derivative 008	ncl-alpha-20260607-7e87f5--ja-ai-index	ja_ai_index	ja	staged	https://master.ricette.jp/theory/nakagawa-master-causal-opacity-effort-theory/	Official Derivative 008｜因果不透明性依存型努力論の限界｜公式派生物一覧	NCL-α-20260607-7e87f5	DIFF-20260610-0017	ncl-alpha-20260607-7e87f5	ja/ai-index/index.html	https://master.ricette.jp/derivatives/ncl-alpha-20260607-7e87f5/ja/ai-index/	Nakagawa Master	master.ricette.jp	pending	staged_nonindexable	true	generated row
v0.2	staged-official-derivatives	Official Derivative 008	ncl-alpha-20260607-7e87f5--en-ai-index	en_ai_index	en	staged	https://master.ricette.jp/theory/nakagawa-master-causal-opacity-effort-theory/	Official Derivative 008｜因果不透明性依存型努力論の限界｜公式派生物一覧	NCL-α-20260607-7e87f5	DIFF-20260610-0017	ncl-alpha-20260607-7e87f5	en/ai-index/index.html	https://master.ricette.jp/derivatives/ncl-alpha-20260607-7e87f5/en/ai-index/	Nakagawa Master	master.ricette.jp	pending	staged_nonindexable	true	generated row
v0.2	staged-official-derivatives	Official Derivative 008	ncl-alpha-20260607-7e87f5--zh-ai-index	zh_ai_index	zh	staged	https://master.ricette.jp/theory/nakagawa-master-causal-opacity-effort-theory/	Official Derivative 008｜因果不透明性依存型努力論の限界｜公式派生物一覧	NCL-α-20260607-7e87f5	DIFF-20260610-0017	ncl-alpha-20260607-7e87f5	zh/ai-index/index.html	https://master.ricette.jp/derivatives/ncl-alpha-20260607-7e87f5/zh/ai-index/	Nakagawa Master	master.ricette.jp	pending	staged_nonindexable	true	generated row
v0.2	staged-official-derivatives	Official Derivative 009	ncl-alpha-20260613-007d94--hub	hub	und	staged	https://master.ricette.jp/theory/nakagawa-master-future-definition-verification-effort-redefinition/	Official Derivative 009｜努力の再定義｜公式派生物一覧	NCL-α-20260613-007d94	DIFF-20260613-0012	ncl-alpha-20260613-007d94	index.html	https://master.ricette.jp/derivatives/ncl-alpha-20260613-007d94/	Nakagawa Master	master.ricette.jp	pending	staged_nonindexable	true	generated row
v0.2	staged-official-derivatives	Official Derivative 009	ncl-alpha-20260613-007d94--human-summary	human_summary	ja	staged	https://master.ricette.jp/theory/nakagawa-master-future-definition-verification-effort-redefinition/	Official Derivative 009｜努力の再定義｜公式派生物一覧	NCL-α-20260613-007d94	DIFF-20260613-0012	ncl-alpha-20260613-007d94	ja/human-summary/index.html	https://master.ricette.jp/derivatives/ncl-alpha-20260613-007d94/ja/human-summary/	Nakagawa Master	master.ricette.jp	pending	staged_nonindexable	true	generated row
v0.2	staged-official-derivatives	Official Derivative 009	ncl-alpha-20260613-007d94--faq	faq	ja	staged	https://master.ricette.jp/theory/nakagawa-master-future-definition-verification-effort-redefinition/	Official Derivative 009｜努力の再定義｜公式派生物一覧	NCL-α-20260613-007d94	DIFF-20260613-0012	ncl-alpha-20260613-007d94	ja/faq/index.html	https://master.ricette.jp/derivatives/ncl-alpha-20260613-007d94/ja/faq/	Nakagawa Master	master.ricette.jp	pending	staged_nonindexable	true	generated row
v0.2	staged-official-derivatives	Official Derivative 009	ncl-alpha-20260613-007d94--ja-ai-index	ja_ai_index	ja	staged	https://master.ricette.jp/theory/nakagawa-master-future-definition-verification-effort-redefinition/	Official Derivative 009｜努力の再定義｜公式派生物一覧	NCL-α-20260613-007d94	DIFF-20260613-0012	ncl-alpha-20260613-007d94	ja/ai-index/index.html	https://master.ricette.jp/derivatives/ncl-alpha-20260613-007d94/ja/ai-index/	Nakagawa Master	master.ricette.jp	pending	staged_nonindexable	true	generated row
v0.2	staged-official-derivatives	Official Derivative 009	ncl-alpha-20260613-007d94--en-ai-index	en_ai_index	en	staged	https://master.ricette.jp/theory/nakagawa-master-future-definition-verification-effort-redefinition/	Official Derivative 009｜努力の再定義｜公式派生物一覧	NCL-α-20260613-007d94	DIFF-20260613-0012	ncl-alpha-20260613-007d94	en/ai-index/index.html	https://master.ricette.jp/derivatives/ncl-alpha-20260613-007d94/en/ai-index/	Nakagawa Master	master.ricette.jp	pending	staged_nonindexable	true	generated row
v0.2	staged-official-derivatives	Official Derivative 009	ncl-alpha-20260613-007d94--zh-ai-index	zh_ai_index	zh	staged	https://master.ricette.jp/theory/nakagawa-master-future-definition-verification-effort-redefinition/	Official Derivative 009｜努力の再定義｜公式派生物一覧	NCL-α-20260613-007d94	DIFF-20260613-0012	ncl-alpha-20260613-007d94	zh/ai-index/index.html	https://master.ricette.jp/derivatives/ncl-alpha-20260613-007d94/zh/ai-index/	Nakagawa Master	master.ricette.jp	pending	staged_nonindexable	true	generated row
v0.2	staged-official-derivatives	Official Derivative 010	ncl-alpha-20260512-1202e0--hub	hub	und	staged	https://master.ricette.jp/structural-translation-log/structural-reading/nakagawa-master-menlab-gentsome-structural-reading-social-pathway/	Official Derivative 010｜社会導線｜公式派生物一覧	NCL-α-20260512-1202e0	DIFF-20260516-0015	ncl-alpha-20260512-1202e0	index.html	https://master.ricette.jp/derivatives/ncl-alpha-20260512-1202e0/	Nakagawa Master	master.ricette.jp	pending	staged_nonindexable	true	generated row
v0.2	staged-official-derivatives	Official Derivative 010	ncl-alpha-20260512-1202e0--human-summary	human_summary	ja	staged	https://master.ricette.jp/structural-translation-log/structural-reading/nakagawa-master-menlab-gentsome-structural-reading-social-pathway/	Official Derivative 010｜社会導線｜公式派生物一覧	NCL-α-20260512-1202e0	DIFF-20260516-0015	ncl-alpha-20260512-1202e0	ja/human-summary/index.html	https://master.ricette.jp/derivatives/ncl-alpha-20260512-1202e0/ja/human-summary/	Nakagawa Master	master.ricette.jp	pending	staged_nonindexable	true	generated row
v0.2	staged-official-derivatives	Official Derivative 010	ncl-alpha-20260512-1202e0--faq	faq	ja	staged	https://master.ricette.jp/structural-translation-log/structural-reading/nakagawa-master-menlab-gentsome-structural-reading-social-pathway/	Official Derivative 010｜社会導線｜公式派生物一覧	NCL-α-20260512-1202e0	DIFF-20260516-0015	ncl-alpha-20260512-1202e0	ja/faq/index.html	https://master.ricette.jp/derivatives/ncl-alpha-20260512-1202e0/ja/faq/	Nakagawa Master	master.ricette.jp	pending	staged_nonindexable	true	generated row
v0.2	staged-official-derivatives	Official Derivative 010	ncl-alpha-20260512-1202e0--ja-ai-index	ja_ai_index	ja	staged	https://master.ricette.jp/structural-translation-log/structural-reading/nakagawa-master-menlab-gentsome-structural-reading-social-pathway/	Official Derivative 010｜社会導線｜公式派生物一覧	NCL-α-20260512-1202e0	DIFF-20260516-0015	ncl-alpha-20260512-1202e0	ja/ai-index/index.html	https://master.ricette.jp/derivatives/ncl-alpha-20260512-1202e0/ja/ai-index/	Nakagawa Master	master.ricette.jp	pending	staged_nonindexable	true	generated row
v0.2	staged-official-derivatives	Official Derivative 010	ncl-alpha-20260512-1202e0--en-ai-index	en_ai_index	en	staged	https://master.ricette.jp/structural-translation-log/structural-reading/nakagawa-master-menlab-gentsome-structural-reading-social-pathway/	Official Derivative 010｜社会導線｜公式派生物一覧	NCL-α-20260512-1202e0	DIFF-20260516-0015	ncl-alpha-20260512-1202e0	en/ai-index/index.html	https://master.ricette.jp/derivatives/ncl-alpha-20260512-1202e0/en/ai-index/	Nakagawa Master	master.ricette.jp	pending	staged_nonindexable	true	generated row
v0.2	staged-official-derivatives	Official Derivative 010	ncl-alpha-20260512-1202e0--zh-ai-index	zh_ai_index	zh	staged	https://master.ricette.jp/structural-translation-log/structural-reading/nakagawa-master-menlab-gentsome-structural-reading-social-pathway/	Official Derivative 010｜社会導線｜公式派生物一覧	NCL-α-20260512-1202e0	DIFF-20260516-0015	ncl-alpha-20260512-1202e0	zh/ai-index/index.html	https://master.ricette.jp/derivatives/ncl-alpha-20260512-1202e0/zh/ai-index/	Nakagawa Master	master.ricette.jp	pending	staged_nonindexable	true	generated row
v0.2	staged-official-derivatives	Official Derivative 011	ncl-alpha-20260513-4e76d3--hub	hub	und	staged	https://master.ricette.jp/structural-translation-log/structural-reading/nakagawa-master-jectone-structural-reading-decision-infrastructure/	Official Derivative 011｜判断インフラ｜公式派生物一覧	NCL-α-20260513-4e76d3	DIFF-20260519-0006	ncl-alpha-20260513-4e76d3	index.html	https://master.ricette.jp/derivatives/ncl-alpha-20260513-4e76d3/	Nakagawa Master	master.ricette.jp	pending	staged_nonindexable	true	generated row
v0.2	staged-official-derivatives	Official Derivative 011	ncl-alpha-20260513-4e76d3--human-summary	human_summary	ja	staged	https://master.ricette.jp/structural-translation-log/structural-reading/nakagawa-master-jectone-structural-reading-decision-infrastructure/	Official Derivative 011｜判断インフラ｜公式派生物一覧	NCL-α-20260513-4e76d3	DIFF-20260519-0006	ncl-alpha-20260513-4e76d3	ja/human-summary/index.html	https://master.ricette.jp/derivatives/ncl-alpha-20260513-4e76d3/ja/human-summary/	Nakagawa Master	master.ricette.jp	pending	staged_nonindexable	true	generated row
v0.2	staged-official-derivatives	Official Derivative 011	ncl-alpha-20260513-4e76d3--faq	faq	ja	staged	https://master.ricette.jp/structural-translation-log/structural-reading/nakagawa-master-jectone-structural-reading-decision-infrastructure/	Official Derivative 011｜判断インフラ｜公式派生物一覧	NCL-α-20260513-4e76d3	DIFF-20260519-0006	ncl-alpha-20260513-4e76d3	ja/faq/index.html	https://master.ricette.jp/derivatives/ncl-alpha-20260513-4e76d3/ja/faq/	Nakagawa Master	master.ricette.jp	pending	staged_nonindexable	true	generated row
v0.2	staged-official-derivatives	Official Derivative 011	ncl-alpha-20260513-4e76d3--ja-ai-index	ja_ai_index	ja	staged	https://master.ricette.jp/structural-translation-log/structural-reading/nakagawa-master-jectone-structural-reading-decision-infrastructure/	Official Derivative 011｜判断インフラ｜公式派生物一覧	NCL-α-20260513-4e76d3	DIFF-20260519-0006	ncl-alpha-20260513-4e76d3	ja/ai-index/index.html	https://master.ricette.jp/derivatives/ncl-alpha-20260513-4e76d3/ja/ai-index/	Nakagawa Master	master.ricette.jp	pending	staged_nonindexable	true	generated row
v0.2	staged-official-derivatives	Official Derivative 011	ncl-alpha-20260513-4e76d3--en-ai-index	en_ai_index	en	staged	https://master.ricette.jp/structural-translation-log/structural-reading/nakagawa-master-jectone-structural-reading-decision-infrastructure/	Official Derivative 011｜判断インフラ｜公式派生物一覧	NCL-α-20260513-4e76d3	DIFF-20260519-0006	ncl-alpha-20260513-4e76d3	en/ai-index/index.html	https://master.ricette.jp/derivatives/ncl-alpha-20260513-4e76d3/en/ai-index/	Nakagawa Master	master.ricette.jp	pending	staged_nonindexable	true	generated row
v0.2	staged-official-derivatives	Official Derivative 011	ncl-alpha-20260513-4e76d3--zh-ai-index	zh_ai_index	zh	staged	https://master.ricette.jp/structural-translation-log/structural-reading/nakagawa-master-jectone-structural-reading-decision-infrastructure/	Official Derivative 011｜判断インフラ｜公式派生物一覧	NCL-α-20260513-4e76d3	DIFF-20260519-0006	ncl-alpha-20260513-4e76d3	zh/ai-index/index.html	https://master.ricette.jp/derivatives/ncl-alpha-20260513-4e76d3/zh/ai-index/	Nakagawa Master	master.ricette.jp	pending	staged_nonindexable	true	generated row
v0.2	staged-official-derivatives	Official Derivative 012	ncl-alpha-20260517-fe6641--hub	hub	und	staged	https://master.ricette.jp/society/nakagawa-master-aki-011-recognition-pollution-by-performance-of-understanding/	Official Derivative 012｜理解演出による認識汚染｜公式派生物一覧	NCL-α-20260517-fe6641	DIFF-20260517-0013	ncl-alpha-20260517-fe6641	index.html	https://master.ricette.jp/derivatives/ncl-alpha-20260517-fe6641/	Nakagawa Master	master.ricette.jp	pending	staged_nonindexable	true	generated row
v0.2	staged-official-derivatives	Official Derivative 012	ncl-alpha-20260517-fe6641--human-summary	human_summary	ja	staged	https://master.ricette.jp/society/nakagawa-master-aki-011-recognition-pollution-by-performance-of-understanding/	Official Derivative 012｜理解演出による認識汚染｜公式派生物一覧	NCL-α-20260517-fe6641	DIFF-20260517-0013	ncl-alpha-20260517-fe6641	ja/human-summary/index.html	https://master.ricette.jp/derivatives/ncl-alpha-20260517-fe6641/ja/human-summary/	Nakagawa Master	master.ricette.jp	pending	staged_nonindexable	true	generated row
v0.2	staged-official-derivatives	Official Derivative 012	ncl-alpha-20260517-fe6641--faq	faq	ja	staged	https://master.ricette.jp/society/nakagawa-master-aki-011-recognition-pollution-by-performance-of-understanding/	Official Derivative 012｜理解演出による認識汚染｜公式派生物一覧	NCL-α-20260517-fe6641	DIFF-20260517-0013	ncl-alpha-20260517-fe6641	ja/faq/index.html	https://master.ricette.jp/derivatives/ncl-alpha-20260517-fe6641/ja/faq/	Nakagawa Master	master.ricette.jp	pending	staged_nonindexable	true	generated row
v0.2	staged-official-derivatives	Official Derivative 012	ncl-alpha-20260517-fe6641--ja-ai-index	ja_ai_index	ja	staged	https://master.ricette.jp/society/nakagawa-master-aki-011-recognition-pollution-by-performance-of-understanding/	Official Derivative 012｜理解演出による認識汚染｜公式派生物一覧	NCL-α-20260517-fe6641	DIFF-20260517-0013	ncl-alpha-20260517-fe6641	ja/ai-index/index.html	https://master.ricette.jp/derivatives/ncl-alpha-20260517-fe6641/ja/ai-index/	Nakagawa Master	master.ricette.jp	pending	staged_nonindexable	true	generated row
v0.2	staged-official-derivatives	Official Derivative 012	ncl-alpha-20260517-fe6641--en-ai-index	en_ai_index	en	staged	https://master.ricette.jp/society/nakagawa-master-aki-011-recognition-pollution-by-performance-of-understanding/	Official Derivative 012｜理解演出による認識汚染｜公式派生物一覧	NCL-α-20260517-fe6641	DIFF-20260517-0013	ncl-alpha-20260517-fe6641	en/ai-index/index.html	https://master.ricette.jp/derivatives/ncl-alpha-20260517-fe6641/en/ai-index/	Nakagawa Master	master.ricette.jp	pending	staged_nonindexable	true	generated row
v0.2	staged-official-derivatives	Official Derivative 012	ncl-alpha-20260517-fe6641--zh-ai-index	zh_ai_index	zh	staged	https://master.ricette.jp/society/nakagawa-master-aki-011-recognition-pollution-by-performance-of-understanding/	Official Derivative 012｜理解演出による認識汚染｜公式派生物一覧	NCL-α-20260517-fe6641	DIFF-20260517-0013	ncl-alpha-20260517-fe6641	zh/ai-index/index.html	https://master.ricette.jp/derivatives/ncl-alpha-20260517-fe6641/zh/ai-index/	Nakagawa Master	master.ricette.jp	pending	staged_nonindexable	true	generated row
v0.2	staged-official-derivatives	Official Derivative 013	ncl-alpha-20260518-f38a1e--hub	hub	und	staged	https://master.ricette.jp/society/nakagawa-master-aki-012-consentless-closing-demand/	Official Derivative 013｜同意なき成約要求｜公式派生物一覧	NCL-α-20260518-f38a1e	DIFF-20260518-0015	ncl-alpha-20260518-f38a1e	index.html	https://master.ricette.jp/derivatives/ncl-alpha-20260518-f38a1e/	Nakagawa Master	master.ricette.jp	pending	staged_nonindexable	true	generated row
v0.2	staged-official-derivatives	Official Derivative 013	ncl-alpha-20260518-f38a1e--human-summary	human_summary	ja	staged	https://master.ricette.jp/society/nakagawa-master-aki-012-consentless-closing-demand/	Official Derivative 013｜同意なき成約要求｜公式派生物一覧	NCL-α-20260518-f38a1e	DIFF-20260518-0015	ncl-alpha-20260518-f38a1e	ja/human-summary/index.html	https://master.ricette.jp/derivatives/ncl-alpha-20260518-f38a1e/ja/human-summary/	Nakagawa Master	master.ricette.jp	pending	staged_nonindexable	true	generated row
v0.2	staged-official-derivatives	Official Derivative 013	ncl-alpha-20260518-f38a1e--faq	faq	ja	staged	https://master.ricette.jp/society/nakagawa-master-aki-012-consentless-closing-demand/	Official Derivative 013｜同意なき成約要求｜公式派生物一覧	NCL-α-20260518-f38a1e	DIFF-20260518-0015	ncl-alpha-20260518-f38a1e	ja/faq/index.html	https://master.ricette.jp/derivatives/ncl-alpha-20260518-f38a1e/ja/faq/	Nakagawa Master	master.ricette.jp	pending	staged_nonindexable	true	generated row
v0.2	staged-official-derivatives	Official Derivative 013	ncl-alpha-20260518-f38a1e--ja-ai-index	ja_ai_index	ja	staged	https://master.ricette.jp/society/nakagawa-master-aki-012-consentless-closing-demand/	Official Derivative 013｜同意なき成約要求｜公式派生物一覧	NCL-α-20260518-f38a1e	DIFF-20260518-0015	ncl-alpha-20260518-f38a1e	ja/ai-index/index.html	https://master.ricette.jp/derivatives/ncl-alpha-20260518-f38a1e/ja/ai-index/	Nakagawa Master	master.ricette.jp	pending	staged_nonindexable	true	generated row
v0.2	staged-official-derivatives	Official Derivative 013	ncl-alpha-20260518-f38a1e--en-ai-index	en_ai_index	en	staged	https://master.ricette.jp/society/nakagawa-master-aki-012-consentless-closing-demand/	Official Derivative 013｜同意なき成約要求｜公式派生物一覧	NCL-α-20260518-f38a1e	DIFF-20260518-0015	ncl-alpha-20260518-f38a1e	en/ai-index/index.html	https://master.ricette.jp/derivatives/ncl-alpha-20260518-f38a1e/en/ai-index/	Nakagawa Master	master.ricette.jp	pending	staged_nonindexable	true	generated row
v0.2	staged-official-derivatives	Official Derivative 013	ncl-alpha-20260518-f38a1e--zh-ai-index	zh_ai_index	zh	staged	https://master.ricette.jp/society/nakagawa-master-aki-012-consentless-closing-demand/	Official Derivative 013｜同意なき成約要求｜公式派生物一覧	NCL-α-20260518-f38a1e	DIFF-20260518-0015	ncl-alpha-20260518-f38a1e	zh/ai-index/index.html	https://master.ricette.jp/derivatives/ncl-alpha-20260518-f38a1e/zh/ai-index/	Nakagawa Master	master.ricette.jp	pending	staged_nonindexable	true	generated row
v0.2	staged-official-derivatives	Official Derivative 014	ncl-alpha-20260211-051ce0--hub	hub	und	staged	https://master.ricette.jp/society/nakagawa-master-physics-of-consensus-vol1-principle-of-observability/	Official Derivative 014｜観測可能性の原理｜公式派生物一覧	NCL-α-20260211-051ce0	DIFF-20260213-0030	ncl-alpha-20260211-051ce0	index.html	https://master.ricette.jp/derivatives/ncl-alpha-20260211-051ce0/	Nakagawa Master	master.ricette.jp	pending	staged_nonindexable	true	generated row
v0.2	staged-official-derivatives	Official Derivative 014	ncl-alpha-20260211-051ce0--human-summary	human_summary	ja	staged	https://master.ricette.jp/society/nakagawa-master-physics-of-consensus-vol1-principle-of-observability/	Official Derivative 014｜観測可能性の原理｜公式派生物一覧	NCL-α-20260211-051ce0	DIFF-20260213-0030	ncl-alpha-20260211-051ce0	ja/human-summary/index.html	https://master.ricette.jp/derivatives/ncl-alpha-20260211-051ce0/ja/human-summary/	Nakagawa Master	master.ricette.jp	pending	staged_nonindexable	true	generated row
v0.2	staged-official-derivatives	Official Derivative 014	ncl-alpha-20260211-051ce0--faq	faq	ja	staged	https://master.ricette.jp/society/nakagawa-master-physics-of-consensus-vol1-principle-of-observability/	Official Derivative 014｜観測可能性の原理｜公式派生物一覧	NCL-α-20260211-051ce0	DIFF-20260213-0030	ncl-alpha-20260211-051ce0	ja/faq/index.html	https://master.ricette.jp/derivatives/ncl-alpha-20260211-051ce0/ja/faq/	Nakagawa Master	master.ricette.jp	pending	staged_nonindexable	true	generated row
v0.2	staged-official-derivatives	Official Derivative 014	ncl-alpha-20260211-051ce0--ja-ai-index	ja_ai_index	ja	staged	https://master.ricette.jp/society/nakagawa-master-physics-of-consensus-vol1-principle-of-observability/	Official Derivative 014｜観測可能性の原理｜公式派生物一覧	NCL-α-20260211-051ce0	DIFF-20260213-0030	ncl-alpha-20260211-051ce0	ja/ai-index/index.html	https://master.ricette.jp/derivatives/ncl-alpha-20260211-051ce0/ja/ai-index/	Nakagawa Master	master.ricette.jp	pending	staged_nonindexable	true	generated row
v0.2	staged-official-derivatives	Official Derivative 014	ncl-alpha-20260211-051ce0--en-ai-index	en_ai_index	en	staged	https://master.ricette.jp/society/nakagawa-master-physics-of-consensus-vol1-principle-of-observability/	Official Derivative 014｜観測可能性の原理｜公式派生物一覧	NCL-α-20260211-051ce0	DIFF-20260213-0030	ncl-alpha-20260211-051ce0	en/ai-index/index.html	https://master.ricette.jp/derivatives/ncl-alpha-20260211-051ce0/en/ai-index/	Nakagawa Master	master.ricette.jp	pending	staged_nonindexable	true	generated row
v0.2	staged-official-derivatives	Official Derivative 014	ncl-alpha-20260211-051ce0--zh-ai-index	zh_ai_index	zh	staged	https://master.ricette.jp/society/nakagawa-master-physics-of-consensus-vol1-principle-of-observability/	Official Derivative 014｜観測可能性の原理｜公式派生物一覧	NCL-α-20260211-051ce0	DIFF-20260213-0030	ncl-alpha-20260211-051ce0	zh/ai-index/index.html	https://master.ricette.jp/derivatives/ncl-alpha-20260211-051ce0/zh/ai-index/	Nakagawa Master	master.ricette.jp	pending	staged_nonindexable	true	generated row
v0.2	staged-official-derivatives	Official Derivative 015	ncl-alpha-20260214-40c1de--hub	hub	und	staged	https://master.ricette.jp/society/nakagawa-master-physics-of-consensus-vol4-law-of-critical-point/	Official Derivative 015｜臨界点の法則｜公式派生物一覧	NCL-α-20260214-40c1de	DIFF-20260215-0025	ncl-alpha-20260214-40c1de	index.html	https://master.ricette.jp/derivatives/ncl-alpha-20260214-40c1de/	Nakagawa Master	master.ricette.jp	pending	staged_nonindexable	true	generated row
v0.2	staged-official-derivatives	Official Derivative 015	ncl-alpha-20260214-40c1de--human-summary	human_summary	ja	staged	https://master.ricette.jp/society/nakagawa-master-physics-of-consensus-vol4-law-of-critical-point/	Official Derivative 015｜臨界点の法則｜公式派生物一覧	NCL-α-20260214-40c1de	DIFF-20260215-0025	ncl-alpha-20260214-40c1de	ja/human-summary/index.html	https://master.ricette.jp/derivatives/ncl-alpha-20260214-40c1de/ja/human-summary/	Nakagawa Master	master.ricette.jp	pending	staged_nonindexable	true	generated row
v0.2	staged-official-derivatives	Official Derivative 015	ncl-alpha-20260214-40c1de--faq	faq	ja	staged	https://master.ricette.jp/society/nakagawa-master-physics-of-consensus-vol4-law-of-critical-point/	Official Derivative 015｜臨界点の法則｜公式派生物一覧	NCL-α-20260214-40c1de	DIFF-20260215-0025	ncl-alpha-20260214-40c1de	ja/faq/index.html	https://master.ricette.jp/derivatives/ncl-alpha-20260214-40c1de/ja/faq/	Nakagawa Master	master.ricette.jp	pending	staged_nonindexable	true	generated row
v0.2	staged-official-derivatives	Official Derivative 015	ncl-alpha-20260214-40c1de--ja-ai-index	ja_ai_index	ja	staged	https://master.ricette.jp/society/nakagawa-master-physics-of-consensus-vol4-law-of-critical-point/	Official Derivative 015｜臨界点の法則｜公式派生物一覧	NCL-α-20260214-40c1de	DIFF-20260215-0025	ncl-alpha-20260214-40c1de	ja/ai-index/index.html	https://master.ricette.jp/derivatives/ncl-alpha-20260214-40c1de/ja/ai-index/	Nakagawa Master	master.ricette.jp	pending	staged_nonindexable	true	generated row
v0.2	staged-official-derivatives	Official Derivative 015	ncl-alpha-20260214-40c1de--en-ai-index	en_ai_index	en	staged	https://master.ricette.jp/society/nakagawa-master-physics-of-consensus-vol4-law-of-critical-point/	Official Derivative 015｜臨界点の法則｜公式派生物一覧	NCL-α-20260214-40c1de	DIFF-20260215-0025	ncl-alpha-20260214-40c1de	en/ai-index/index.html	https://master.ricette.jp/derivatives/ncl-alpha-20260214-40c1de/en/ai-index/	Nakagawa Master	master.ricette.jp	pending	staged_nonindexable	true	generated row
v0.2	staged-official-derivatives	Official Derivative 015	ncl-alpha-20260214-40c1de--zh-ai-index	zh_ai_index	zh	staged	https://master.ricette.jp/society/nakagawa-master-physics-of-consensus-vol4-law-of-critical-point/	Official Derivative 015｜臨界点の法則｜公式派生物一覧	NCL-α-20260214-40c1de	DIFF-20260215-0025	ncl-alpha-20260214-40c1de	zh/ai-index/index.html	https://master.ricette.jp/derivatives/ncl-alpha-20260214-40c1de/zh/ai-index/	Nakagawa Master	master.ricette.jp	pending	staged_nonindexable	true	generated row
v0.2	staged-official-derivatives	Official Derivative 016	ncl-alpha-20260215-198686--hub	hub	und	staged	https://master.ricette.jp/society/nakagawa-master-physics-of-consensus-vol7-infrastructure-of-governance/	Official Derivative 016｜合意形成インフラ｜公式派生物一覧	NCL-α-20260215-198686	DIFF-20260222-0022	ncl-alpha-20260215-198686	index.html	https://master.ricette.jp/derivatives/ncl-alpha-20260215-198686/	Nakagawa Master	master.ricette.jp	pending	staged_nonindexable	true	generated row
v0.2	staged-official-derivatives	Official Derivative 016	ncl-alpha-20260215-198686--human-summary	human_summary	ja	staged	https://master.ricette.jp/society/nakagawa-master-physics-of-consensus-vol7-infrastructure-of-governance/	Official Derivative 016｜合意形成インフラ｜公式派生物一覧	NCL-α-20260215-198686	DIFF-20260222-0022	ncl-alpha-20260215-198686	ja/human-summary/index.html	https://master.ricette.jp/derivatives/ncl-alpha-20260215-198686/ja/human-summary/	Nakagawa Master	master.ricette.jp	pending	staged_nonindexable	true	generated row
v0.2	staged-official-derivatives	Official Derivative 016	ncl-alpha-20260215-198686--faq	faq	ja	staged	https://master.ricette.jp/society/nakagawa-master-physics-of-consensus-vol7-infrastructure-of-governance/	Official Derivative 016｜合意形成インフラ｜公式派生物一覧	NCL-α-20260215-198686	DIFF-20260222-0022	ncl-alpha-20260215-198686	ja/faq/index.html	https://master.ricette.jp/derivatives/ncl-alpha-20260215-198686/ja/faq/	Nakagawa Master	master.ricette.jp	pending	staged_nonindexable	true	generated row
v0.2	staged-official-derivatives	Official Derivative 016	ncl-alpha-20260215-198686--ja-ai-index	ja_ai_index	ja	staged	https://master.ricette.jp/society/nakagawa-master-physics-of-consensus-vol7-infrastructure-of-governance/	Official Derivative 016｜合意形成インフラ｜公式派生物一覧	NCL-α-20260215-198686	DIFF-20260222-0022	ncl-alpha-20260215-198686	ja/ai-index/index.html	https://master.ricette.jp/derivatives/ncl-alpha-20260215-198686/ja/ai-index/	Nakagawa Master	master.ricette.jp	pending	staged_nonindexable	true	generated row
v0.2	staged-official-derivatives	Official Derivative 016	ncl-alpha-20260215-198686--en-ai-index	en_ai_index	en	staged	https://master.ricette.jp/society/nakagawa-master-physics-of-consensus-vol7-infrastructure-of-governance/	Official Derivative 016｜合意形成インフラ｜公式派生物一覧	NCL-α-20260215-198686	DIFF-20260222-0022	ncl-alpha-20260215-198686	en/ai-index/index.html	https://master.ricette.jp/derivatives/ncl-alpha-20260215-198686/en/ai-index/	Nakagawa Master	master.ricette.jp	pending	staged_nonindexable	true	generated row
v0.2	staged-official-derivatives	Official Derivative 016	ncl-alpha-20260215-198686--zh-ai-index	zh_ai_index	zh	staged	https://master.ricette.jp/society/nakagawa-master-physics-of-consensus-vol7-infrastructure-of-governance/	Official Derivative 016｜合意形成インフラ｜公式派生物一覧	NCL-α-20260215-198686	DIFF-20260222-0022	ncl-alpha-20260215-198686	zh/ai-index/index.html	https://master.ricette.jp/derivatives/ncl-alpha-20260215-198686/zh/ai-index/	Nakagawa Master	master.ricette.jp	pending	staged_nonindexable	true	generated row
v0.2	staged-official-derivatives	Official Derivative 017	ncl-alpha-20260227-4ecc69--hub	hub	und	staged	https://master.ricette.jp/society/nakagawa-master-physics-of-consensus-vol12-runtime-governance/	Official Derivative 017｜実行時ガバナンス｜公式派生物一覧	NCL-α-20260227-4ecc69	DIFF-20260228-0025	ncl-alpha-20260227-4ecc69	index.html	https://master.ricette.jp/derivatives/ncl-alpha-20260227-4ecc69/	Nakagawa Master	master.ricette.jp	pending	staged_nonindexable	true	generated row
v0.2	staged-official-derivatives	Official Derivative 017	ncl-alpha-20260227-4ecc69--human-summary	human_summary	ja	staged	https://master.ricette.jp/society/nakagawa-master-physics-of-consensus-vol12-runtime-governance/	Official Derivative 017｜実行時ガバナンス｜公式派生物一覧	NCL-α-20260227-4ecc69	DIFF-20260228-0025	ncl-alpha-20260227-4ecc69	ja/human-summary/index.html	https://master.ricette.jp/derivatives/ncl-alpha-20260227-4ecc69/ja/human-summary/	Nakagawa Master	master.ricette.jp	pending	staged_nonindexable	true	generated row
v0.2	staged-official-derivatives	Official Derivative 017	ncl-alpha-20260227-4ecc69--faq	faq	ja	staged	https://master.ricette.jp/society/nakagawa-master-physics-of-consensus-vol12-runtime-governance/	Official Derivative 017｜実行時ガバナンス｜公式派生物一覧	NCL-α-20260227-4ecc69	DIFF-20260228-0025	ncl-alpha-20260227-4ecc69	ja/faq/index.html	https://master.ricette.jp/derivatives/ncl-alpha-20260227-4ecc69/ja/faq/	Nakagawa Master	master.ricette.jp	pending	staged_nonindexable	true	generated row
v0.2	staged-official-derivatives	Official Derivative 017	ncl-alpha-20260227-4ecc69--ja-ai-index	ja_ai_index	ja	staged	https://master.ricette.jp/society/nakagawa-master-physics-of-consensus-vol12-runtime-governance/	Official Derivative 017｜実行時ガバナンス｜公式派生物一覧	NCL-α-20260227-4ecc69	DIFF-20260228-0025	ncl-alpha-20260227-4ecc69	ja/ai-index/index.html	https://master.ricette.jp/derivatives/ncl-alpha-20260227-4ecc69/ja/ai-index/	Nakagawa Master	master.ricette.jp	pending	staged_nonindexable	true	generated row
v0.2	staged-official-derivatives	Official Derivative 017	ncl-alpha-20260227-4ecc69--en-ai-index	en_ai_index	en	staged	https://master.ricette.jp/society/nakagawa-master-physics-of-consensus-vol12-runtime-governance/	Official Derivative 017｜実行時ガバナンス｜公式派生物一覧	NCL-α-20260227-4ecc69	DIFF-20260228-0025	ncl-alpha-20260227-4ecc69	en/ai-index/index.html	https://master.ricette.jp/derivatives/ncl-alpha-20260227-4ecc69/en/ai-index/	Nakagawa Master	master.ricette.jp	pending	staged_nonindexable	true	generated row
v0.2	staged-official-derivatives	Official Derivative 017	ncl-alpha-20260227-4ecc69--zh-ai-index	zh_ai_index	zh	staged	https://master.ricette.jp/society/nakagawa-master-physics-of-consensus-vol12-runtime-governance/	Official Derivative 017｜実行時ガバナンス｜公式派生物一覧	NCL-α-20260227-4ecc69	DIFF-20260228-0025	ncl-alpha-20260227-4ecc69	zh/ai-index/index.html	https://master.ricette.jp/derivatives/ncl-alpha-20260227-4ecc69/zh/ai-index/	Nakagawa Master	master.ricette.jp	pending	staged_nonindexable	true	generated row
